m_x,xsec_lo
80.0,102.8
100.0,69.77
120.0,50.76
140.0,38.71
160.0,30.59
180.0,24.85
200.0,20.7
220.0,5.39113
240.0,4.71683
260.0,4.20377
280.0,3.82088
300.0,3.5525
320.0,3.40251
340.0,3.42941
360.0,3.84304
380.0,3.85112
400.0,3.58695
420.0,3.21507
440.0,2.81933
460.0,2.44042
480.0,2.09619
500.0,1.79252
520.0,1.52928
540.0,1.30352
560.0,1.11116
580.0,0.947868
600.0,0.8095370000000001
620.0,0.692436
640.0,0.593295
660.0,0.509299
680.0,0.438052
700.0,0.37753
720.0,0.326034
740.0,0.282137
760.0,0.244647
780.0,0.212564
800.0,0.185056
820.0,0.1614199999999999
840.0,0.141072
860.0,0.123519
880.0,0.108346
900.0,0.0952054
920.0,0.083803
940.0,0.07389
960.0,0.0652562
980.0,0.0577228
1000.0,0.0511379
1100.0,0.0285201
1200.0,0.0164349
1300.0,0.00974476
1400.0,0.00592411
1500.0,0.00368156
1600.0,0.00233301
1700.0,0.00150436
1800.0,0.000985254
1900.0,0.0006543639999999
2000.0,0.0004401209999999
2100.0,0.000299426
2200.0,0.0002058359999999
2300.0,0.000142846
2400.0,9.99937e-05
2500.0,7.055269999999999e-05
2600.0,5.01422e-05
2700.0,3.58742e-05
2800.0,2.58234e-05
2900.0,1.86931e-05
3000.0,1.36017e-05
3100.0,9.94409e-06
3200.0,7.30191e-06
3300.0,5.383350000000001e-06
3400.0,3.98355e-06
3500.0,2.9577100000000004e-06
3600.0,2.20285e-06
3700.0,1.64528e-06
3800.0,1.232e-06
3900.0,9.24675e-07
4000.0,6.95471e-07
4100.0,5.24064e-07
4200.0,3.9556e-07
4300.0,2.99002e-07
4400.0,2.26299e-07
4500.0,1.71457e-07
4600.0,1.3002e-07
4700.0,9.86648e-08
4800.0,7.4909e-08
4900.0,5.68908e-08
5000.0,4.32119e-08
